{
  "split": "val",
  "accuracy": 0.946980854197349,
  "classification_report": {
    "both_instruments": {
      "precision": 0.9585635359116023,
      "recall": 0.9857954545454546,
      "f1-score": 0.9719887955182073,
      "support": 352.0
    },
    "grasper_only": {
      "precision": 1.0,
      "recall": 0.4375,
      "f1-score": 0.6086956521739131,
      "support": 16.0
    },
    "hook_only": {
      "precision": 0.9457364341085271,
      "recall": 0.9420849420849421,
      "f1-score": 0.9439071566731141,
      "support": 259.0
    },
    "no_instrument": {
      "precision": 0.8653846153846154,
      "recall": 0.8653846153846154,
      "f1-score": 0.8653846153846154,
      "support": 52.0
    },
    "accuracy": 0.946980854197349,
    "macro avg": {
      "precision": 0.9424211463511862,
      "recall": 0.807691253003753,
      "f1-score": 0.8474940549374624,
      "support": 679.0
    },
    "weighted avg": {
      "precision": 0.9475111945139802,
      "recall": 0.946980854197349,
      "f1-score": 0.9445524890066689,
      "support": 679.0
    }
  },
  "confusion_matrix": [
    [
      347,
      0,
      5,
      0
    ],
    [
      0,
      7,
      2,
      7
    ],
    [
      15,
      0,
      244,
      0
    ],
    [
      0,
      0,
      7,
      45
    ]
  ],
  "class_names": [
    "both_instruments",
    "grasper_only",
    "hook_only",
    "no_instrument"
  ]
}