{
  "split": "test",
  "mAP50": 0.2987626655408939,
  "mAP50_95": 0.1686537123107637,
  "precision": 0.38583592088742624,
  "recall": 0.3208038583873327,
  "per_class_AP50": {
    "Grasper": 0.0,
    "Bipolar": 0.5975253310817878
  }
}