{
  "split": "val",
  "mAP50": 0.8794444267969093,
  "mAP50_95": 0.5400561981880577,
  "precision": 0.941123012009088,
  "recall": 0.9067866161616163,
  "per_class_AP50": {
    "Grasper": 0.9767471256622895,
    "Bipolar": 0.782141727931529
  }
}